{"elements":[{"from":[6.285714,4.0,8.0],"to":[8.0,8.0,9.714286],"rotation":{"angle":0.0,"axis":"y","origin":[7.428571,4.0,9.142858]},"faces":{"east":{"uv":[3.0,3.75,3.75,5.5],"rotation":0,"texture":"#0","tintindex":0},"south":{"uv":[5.25,3.75,6.0,5.5],"rotation":0,"texture":"#0","tintindex":0},"north":{"uv":[3.75,3.75,4.5,5.5],"rotation":0,"texture":"#0","tintindex":0},"west":{"uv":[4.5,3.75,5.25,5.5],"rotation":0,"texture":"#0","tintindex":0},"up":{"uv":[4.5,3.75,3.75,3.0],"rotation":0,"texture":"#0","tintindex":0},"down":{"uv":[5.25,3.0,4.5,3.75],"rotation":0,"texture":"#0","tintindex":0}}},{"from":[8.0,4.0,8.0],"to":[9.714286,8.0,9.714286],"rotation":{"angle":0.0,"axis":"y","origin":[9.142858,4.0,9.142858]},"faces":{"east":{"uv":[0.0,3.75,0.75,5.5],"rotation":0,"texture":"#0","tintindex":0},"south":{"uv":[2.25,3.75,3.0,5.5],"rotation":0,"texture":"#0","tintindex":0},"north":{"uv":[0.75,3.75,1.5,5.5],"rotation":0,"texture":"#0","tintindex":0},"west":{"uv":[1.5,3.75,2.25,5.5],"rotation":0,"texture":"#0","tintindex":0},"up":{"uv":[1.5,3.75,0.75,3.0],"rotation":0,"texture":"#0","tintindex":0},"down":{"uv":[2.25,3.0,1.5,3.75],"rotation":0,"texture":"#0","tintindex":0}}}],"textures":{"0":"modelengine:entity/texture"},"display":{"head":{"translation":[0.0,-6.4,0.0],"scale":[4.0,4.0,4.0]}}}