{"elements":[{"from":[6.285714,6.285714,6.285714],"to":[9.714286,9.714286,9.714286],"rotation":{"angle":0.0,"axis":"y","origin":[8.0,6.285714,8.0]},"faces":{"east":{"uv":[6.75,7.25,8.25,8.75],"rotation":0,"texture":"#0","tintindex":0},"south":{"uv":[11.25,7.25,12.75,8.75],"rotation":0,"texture":"#0","tintindex":0},"north":{"uv":[8.25,7.25,9.75,8.75],"rotation":0,"texture":"#0","tintindex":0},"west":{"uv":[9.75,7.25,11.25,8.75],"rotation":0,"texture":"#0","tintindex":0},"up":{"uv":[9.75,7.25,8.25,5.75],"rotation":0,"texture":"#0","tintindex":0},"down":{"uv":[11.25,5.75,9.75,7.25],"rotation":0,"texture":"#0","tintindex":0}}},{"from":[8.571428,9.714286,6.857143],"to":[9.714286,10.857143,9.714286],"rotation":{"angle":0.0,"axis":"y","origin":[9.142858,9.714286,8.0]},"faces":{"east":{"uv":[6.0,1.25,7.25,1.75],"rotation":0,"texture":"#0","tintindex":0},"south":{"uv":[9.0,1.25,9.5,1.75],"rotation":0,"texture":"#0","tintindex":0},"north":{"uv":[7.25,1.25,7.75,1.75],"rotation":0,"texture":"#0","tintindex":0},"west":{"uv":[7.75,1.25,9.0,1.75],"rotation":0,"texture":"#0","tintindex":0},"up":{"uv":[7.75,1.25,7.25,0.0],"rotation":0,"texture":"#0","tintindex":0},"down":{"uv":[8.25,0.0,7.75,1.25],"rotation":0,"texture":"#0","tintindex":0}}},{"from":[6.285714,9.714286,6.857143],"to":[7.428571,10.857143,9.714286],"rotation":{"angle":0.0,"axis":"y","origin":[6.857143,9.714286,8.0]},"faces":{"east":{"uv":[5.25,3.0,6.5,3.5],"rotation":0,"texture":"#0","tintindex":0},"south":{"uv":[8.25,3.0,8.75,3.5],"rotation":0,"texture":"#0","tintindex":0},"north":{"uv":[6.5,3.0,7.0,3.5],"rotation":0,"texture":"#0","tintindex":0},"west":{"uv":[7.0,3.0,8.25,3.5],"rotation":0,"texture":"#0","tintindex":0},"up":{"uv":[7.0,3.0,6.5,1.75],"rotation":0,"texture":"#0","tintindex":0},"down":{"uv":[7.5,1.75,7.0,3.0],"rotation":0,"texture":"#0","tintindex":0}}}],"textures":{"0":"modelengine:entity/texture"},"display":{"head":{"translation":[0.0,-6.4,0.0],"scale":[4.0,4.0,4.0]}}}