{"elements":[{"from":[6.857143,12.571428,8.571428],"to":[8.571428,13.142858,9.142858],"rotation":{"angle":0.0,"axis":"y","origin":[8.0,8.0,8.0]},"faces":{"east":{"uv":[6.0,0.5,6.5,1.0],"rotation":0,"texture":"#0","tintindex":0},"south":{"uv":[8.5,0.5,10.0,1.0],"rotation":0,"texture":"#0","tintindex":0},"north":{"uv":[6.5,0.5,8.0,1.0],"rotation":0,"texture":"#0","tintindex":0},"west":{"uv":[8.0,0.5,8.5,1.0],"rotation":0,"texture":"#0","tintindex":0},"up":{"uv":[8.0,0.5,6.5,0.0],"rotation":0,"texture":"#0","tintindex":0},"down":{"uv":[9.5,0.0,8.0,0.5],"rotation":0,"texture":"#0","tintindex":0}}}],"textures":{"0":"modelengine:entity/texture"},"display":{"head":{"translation":[0.0,-6.4,0.0],"scale":[4.0,4.0,4.0]}}}