{"elements":[{"from":[14.85714,7.9999986,1.7142854],"to":[30.85714,30.857143,14.285715],"rotation":{"angle":0.0,"axis":"y","origin":[-64.00001,6.8571415,8.0]},"faces":{"south":{"uv":[2.848,5.4,2.4,7.4],"rotation":0,"texture":"#0","tintindex":0},"north":{"uv":[2.4,5.4,2.848,7.4],"rotation":0,"texture":"#0","tintindex":0},"up":{"uv":[2.848,5.4,2.4,4.3],"rotation":0,"texture":"#0","tintindex":0},"down":{"uv":[2.848,8.5,2.4,7.4],"rotation":0,"texture":"#0","tintindex":0}}},{"from":[22.85714,7.4285703,0.5714283],"to":[32.0,15.999999,15.428572],"rotation":{"angle":0.0,"axis":"y","origin":[-64.00001,6.8571415,8.0]},"faces":{"west":{"uv":[0.0,13.3,0.016,13.35],"rotation":0,"texture":"#0","tintindex":0},"up":{"uv":[0.0,13.3,0.016,13.35],"rotation":0,"texture":"#0","tintindex":0},"down":{"uv":[0.0,266.0,1.0,267.0],"rotation":0,"texture":"#missing","tintindex":0}}},{"from":[13.714279,22.857141,0.5714283],"to":[22.85714,32.0,15.428572],"rotation":{"angle":0.0,"axis":"y","origin":[-64.00001,6.8571415,8.0]},"faces":{"east":{"uv":[0.0,13.3,0.016,13.35],"rotation":0,"texture":"#0","tintindex":0},"up":{"uv":[0.0,266.0,1.0,267.0],"rotation":0,"texture":"#missing","tintindex":0},"down":{"uv":[0.0,13.3,0.016,13.35],"rotation":0,"texture":"#0","tintindex":0}}},{"from":[32.0,32.0,15.428572],"to":[13.714279,6.8571415,0.5714283],"rotation":{"angle":0.0,"axis":"y","origin":[-64.00001,6.8571415,8.0]},"faces":{"east":{"uv":[0.0,13.85,0.016,14.400001],"rotation":0,"texture":"#0","tintindex":0},"south":{"uv":[0.032,13.85,0.0,14.400001],"rotation":0,"texture":"#0","tintindex":0},"north":{"uv":[0.0,13.85,0.032,14.400001],"rotation":0,"texture":"#0","tintindex":0},"west":{"uv":[0.016,13.85,0.032,14.400001],"rotation":0,"texture":"#0","tintindex":0},"up":{"uv":[0.016,13.25,0.0,13.3],"rotation":0,"texture":"#0","tintindex":0},"down":{"uv":[0.016,13.25,0.032,13.3],"rotation":0,"texture":"#0","tintindex":0}}}],"textures":{"0":"modelengine:entity/5eepiecraft"},"display":{"head":{"translation":[288.00003,-1.8285661,0.0],"scale":[4.0,4.0,4.0]}}}