{"elements":[{"from":[-16.0,9.142856,1.7142854],"to":[0.0,32.0,14.285715],"rotation":{"angle":0.0,"axis":"y","origin":[42.285717,7.999998,8.0]},"faces":{"south":{"uv":[0.92800003,1.1,0.48000002,3.1000001],"rotation":0,"texture":"#0","tintindex":0},"north":{"uv":[0.48000002,1.1,0.92800003,3.1000001],"rotation":0,"texture":"#0","tintindex":0},"up":{"uv":[0.92800003,1.1,0.48000002,0.0],"rotation":0,"texture":"#0","tintindex":0},"down":{"uv":[0.92800003,4.2000003,0.48000002,3.1000001],"rotation":0,"texture":"#0","tintindex":0}}},{"from":[1.1428566,33.142857,15.428572],"to":[-17.142857,7.999998,0.5714283],"rotation":{"angle":0.0,"axis":"y","origin":[42.285717,7.999998,8.0]},"faces":{"east":{"uv":[0.0,13.3,0.016,13.35],"rotation":0,"texture":"#0","tintindex":0},"south":{"uv":[0.0,13.3,0.016,13.35],"rotation":0,"texture":"#0","tintindex":0},"north":{"uv":[0.0,13.3,0.016,13.35],"rotation":0,"texture":"#0","tintindex":0},"west":{"uv":[0.0,13.3,0.016,13.35],"rotation":0,"texture":"#0","tintindex":0},"up":{"uv":[0.0,13.3,0.016,13.35],"rotation":0,"texture":"#0","tintindex":0},"down":{"uv":[0.0,13.3,0.016,13.35],"rotation":0,"texture":"#0","tintindex":0}}}],"textures":{"0":"modelengine:entity/5eepiecraft"},"display":{"head":{"translation":[-137.14287,-6.3999925,0.0],"scale":[4.0,4.0,4.0]}}}