{"elements":[{"from":[-13.714287,9.142856,1.7142854],"to":[2.2857141,32.0,14.285715],"rotation":{"angle":0.0,"axis":"y","origin":[8.0,7.999998,8.0]},"faces":{"south":{"uv":[1.8880001,1.1,1.44,3.1000001],"rotation":0,"texture":"#0","tintindex":0},"north":{"uv":[1.44,1.1,1.8880001,3.1000001],"rotation":0,"texture":"#0","tintindex":0},"up":{"uv":[1.8880001,1.1,1.44,0.0],"rotation":0,"texture":"#0","tintindex":0},"down":{"uv":[1.8880001,4.2000003,1.44,3.1000001],"rotation":0,"texture":"#0","tintindex":0}}},{"from":[-14.857143,14.8571415,0.5714283],"to":[-5.714287,26.285713,15.428572],"rotation":{"angle":0.0,"axis":"y","origin":[8.0,7.999998,8.0]},"faces":{"east":{"uv":[0.016,13.3,0.0,13.35],"rotation":0,"texture":"#0","tintindex":0},"up":{"uv":[0.016,13.3,0.0,13.35],"rotation":0,"texture":"#0","tintindex":0},"down":{"uv":[0.016,13.3,0.0,13.35],"rotation":0,"texture":"#0","tintindex":0}}},{"from":[3.4285712,33.142857,15.428572],"to":[-14.857143,7.999998,0.5714283],"rotation":{"angle":0.0,"axis":"y","origin":[8.0,7.999998,8.0]},"faces":{"east":{"uv":[0.032,13.3,0.016,13.85],"rotation":0,"texture":"#0","tintindex":0},"south":{"uv":[0.0,13.3,0.032,13.85],"rotation":0,"texture":"#0","tintindex":0},"north":{"uv":[0.032,13.3,0.0,13.85],"rotation":0,"texture":"#0","tintindex":0},"west":{"uv":[0.0,13.3,0.016,13.35],"rotation":0,"texture":"#0","tintindex":0},"up":{"uv":[0.0,13.3,0.016,13.35],"rotation":0,"texture":"#0","tintindex":0},"down":{"uv":[0.0,13.3,0.016,13.35],"rotation":0,"texture":"#0","tintindex":0}}}],"textures":{"0":"modelengine:entity/5eepiecraft"},"display":{"head":{"translation":[0.0,-6.3999925,0.0],"scale":[4.0,4.0,4.0]}}}