{"elements":[{"from":[20.8,8.8,3.6],"to":[32.0,24.800001,12.4],"rotation":{"angle":0.0,"axis":"y","origin":[-21.600002,8.0,8.0]},"faces":{"south":{"uv":[2.848,1.1,2.4,3.1000001],"rotation":0,"texture":"#0","tintindex":0},"north":{"uv":[2.4,1.1,2.848,3.1000001],"rotation":0,"texture":"#0","tintindex":0},"up":{"uv":[2.848,1.1,2.4,0.0],"rotation":0,"texture":"#0","tintindex":0},"down":{"uv":[2.848,4.2000003,2.4,3.1000001],"rotation":0,"texture":"#0","tintindex":0}}},{"from":[20.0,19.2,2.7999997],"to":[26.399998,20.8,13.200001],"rotation":{"angle":0.0,"axis":"y","origin":[-21.600002,8.0,8.0]},"faces":{"east":{"uv":[0.0,13.3,0.016,13.35],"rotation":0,"texture":"#0","tintindex":0},"up":{"uv":[0.0,13.3,0.016,13.35],"rotation":0,"texture":"#0","tintindex":0},"down":{"uv":[0.0,13.3,0.016,13.35],"rotation":0,"texture":"#0","tintindex":0}}},{"from":[20.0,12.8,2.7999997],"to":[26.399998,14.4,13.200001],"rotation":{"angle":0.0,"axis":"y","origin":[-21.600002,8.0,8.0]},"faces":{"east":{"uv":[0.0,13.3,0.016,13.35],"rotation":0,"texture":"#0","tintindex":0},"up":{"uv":[0.0,13.3,0.016,13.35],"rotation":0,"texture":"#0","tintindex":0},"down":{"uv":[0.0,13.3,0.016,13.35],"rotation":0,"texture":"#0","tintindex":0}}},{"from":[32.8,25.6,13.200001],"to":[20.0,8.0,2.7999997],"rotation":{"angle":0.0,"axis":"y","origin":[-21.600002,8.0,8.0]},"faces":{"east":{"uv":[0.064,13.3,0.048,13.85],"rotation":0,"texture":"#0","tintindex":0},"south":{"uv":[0.080000006,13.3,0.048,13.85],"rotation":0,"texture":"#0","tintindex":0},"north":{"uv":[0.048,13.3,0.080000006,13.85],"rotation":0,"texture":"#0","tintindex":0},"west":{"uv":[0.0,13.3,0.016,13.35],"rotation":0,"texture":"#0","tintindex":0},"up":{"uv":[0.0,13.3,0.016,13.35],"rotation":0,"texture":"#0","tintindex":0},"down":{"uv":[0.0,13.3,0.016,13.35],"rotation":0,"texture":"#0","tintindex":0}}},{"from":[7.999998,8.8,3.6],"to":[19.199997,24.800001,12.4],"rotation":{"angle":0.0,"axis":"y","origin":[-21.600002,8.0,8.0]},"faces":{"south":{"uv":[2.848,1.1,2.4,3.1000001],"rotation":0,"texture":"#0","tintindex":0},"north":{"uv":[2.4,1.1,2.848,3.1000001],"rotation":0,"texture":"#0","tintindex":0},"up":{"uv":[2.848,1.1,2.4,0.0],"rotation":0,"texture":"#0","tintindex":0},"down":{"uv":[2.848,4.2000003,2.4,3.1000001],"rotation":0,"texture":"#0","tintindex":0}}},{"from":[7.199999,19.2,2.7999997],"to":[13.599998,20.8,13.200001],"rotation":{"angle":0.0,"axis":"y","origin":[-21.600002,8.0,8.0]},"faces":{"east":{"uv":[0.0,13.3,0.016,13.35],"rotation":0,"texture":"#0","tintindex":0},"up":{"uv":[0.0,13.3,0.016,13.35],"rotation":0,"texture":"#0","tintindex":0},"down":{"uv":[0.0,13.3,0.016,13.35],"rotation":0,"texture":"#0","tintindex":0}}},{"from":[7.199999,12.8,2.7999997],"to":[13.599998,14.4,13.200001],"rotation":{"angle":0.0,"axis":"y","origin":[-21.600002,8.0,8.0]},"faces":{"east":{"uv":[0.0,13.3,0.016,13.35],"rotation":0,"texture":"#0","tintindex":0},"up":{"uv":[0.0,13.3,0.016,13.35],"rotation":0,"texture":"#0","tintindex":0},"down":{"uv":[0.0,13.3,0.016,13.35],"rotation":0,"texture":"#0","tintindex":0}}},{"from":[20.0,25.6,13.200001],"to":[7.199999,8.0,2.7999997],"rotation":{"angle":0.0,"axis":"y","origin":[-21.600002,8.0,8.0]},"faces":{"east":{"uv":[0.064,13.3,0.048,13.85],"rotation":0,"texture":"#0","tintindex":0},"south":{"uv":[0.080000006,13.3,0.048,13.85],"rotation":0,"texture":"#0","tintindex":0},"north":{"uv":[0.048,13.3,0.080000006,13.85],"rotation":0,"texture":"#0","tintindex":0},"west":{"uv":[0.0,13.3,0.016,13.35],"rotation":0,"texture":"#0","tintindex":0},"up":{"uv":[0.0,13.3,0.016,13.35],"rotation":0,"texture":"#0","tintindex":0},"down":{"uv":[0.0,13.3,0.016,13.35],"rotation":0,"texture":"#0","tintindex":0}}},{"from":[-24.000004,8.8,3.6],"to":[-12.800003,24.800001,12.4],"rotation":{"angle":0.0,"axis":"y","origin":[-21.600002,8.0,8.0]},"faces":{"south":{"uv":[2.848,1.1,2.4,3.1000001],"rotation":0,"texture":"#0","tintindex":0},"north":{"uv":[2.4,1.1,2.848,3.1000001],"rotation":0,"texture":"#0","tintindex":0},"up":{"uv":[2.848,1.1,2.4,0.0],"rotation":0,"texture":"#0","tintindex":0},"down":{"uv":[2.848,4.2000003,2.4,3.1000001],"rotation":0,"texture":"#0","tintindex":0}}},{"from":[-24.800003,19.2,2.7999997],"to":[-18.400002,20.8,13.200001],"rotation":{"angle":0.0,"axis":"y","origin":[-21.600002,8.0,8.0]},"faces":{"east":{"uv":[0.0,13.3,0.016,13.35],"rotation":0,"texture":"#0","tintindex":0},"up":{"uv":[0.0,13.3,0.016,13.35],"rotation":0,"texture":"#0","tintindex":0},"down":{"uv":[0.0,13.3,0.016,13.35],"rotation":0,"texture":"#0","tintindex":0}}},{"from":[-24.800003,12.8,2.7999997],"to":[-18.400002,14.4,13.200001],"rotation":{"angle":0.0,"axis":"y","origin":[-21.600002,8.0,8.0]},"faces":{"east":{"uv":[0.0,13.3,0.016,13.35],"rotation":0,"texture":"#0","tintindex":0},"up":{"uv":[0.0,13.3,0.016,13.35],"rotation":0,"texture":"#0","tintindex":0},"down":{"uv":[0.0,13.3,0.016,13.35],"rotation":0,"texture":"#0","tintindex":0}}},{"from":[-12.000002,25.6,13.200001],"to":[-24.800003,8.0,2.7999997],"rotation":{"angle":0.0,"axis":"y","origin":[-21.600002,8.0,8.0]},"faces":{"east":{"uv":[0.064,13.3,0.048,13.85],"rotation":0,"texture":"#0","tintindex":0},"south":{"uv":[0.080000006,13.3,0.048,13.85],"rotation":0,"texture":"#0","tintindex":0},"north":{"uv":[0.048,13.3,0.080000006,13.85],"rotation":0,"texture":"#0","tintindex":0},"west":{"uv":[0.0,13.3,0.016,13.35],"rotation":0,"texture":"#0","tintindex":0},"up":{"uv":[0.0,13.3,0.016,13.35],"rotation":0,"texture":"#0","tintindex":0},"down":{"uv":[0.0,13.3,0.016,13.35],"rotation":0,"texture":"#0","tintindex":0}}}],"textures":{"0":"modelengine:entity/5eepiecraft"},"display":{"head":{"translation":[118.40001,-6.4,0.0],"scale":[4.0,4.0,4.0]}}}