{"elements":[{"from":[-14.857147,9.142856,1.7142854],"to":[1.1428566,32.0,14.285715],"rotation":{"angle":0.0,"axis":"y","origin":[61.714287,7.999998,8.0]},"faces":{"south":{"uv":[3.328,1.1,2.88,3.1000001],"rotation":0,"texture":"#0","tintindex":0},"north":{"uv":[2.88,1.1,3.328,3.1000001],"rotation":0,"texture":"#0","tintindex":0},"up":{"uv":[3.328,1.1,2.88,0.0],"rotation":0,"texture":"#0","tintindex":0},"down":{"uv":[3.328,4.2000003,2.88,3.1000001],"rotation":0,"texture":"#0","tintindex":0}}},{"from":[-16.0,23.999998,0.5714283],"to":[-6.857147,26.285713,15.428572],"rotation":{"angle":0.0,"axis":"y","origin":[61.714287,7.999998,8.0]},"faces":{"east":{"uv":[0.0,13.3,0.016,13.35],"rotation":0,"texture":"#0","tintindex":0},"up":{"uv":[0.0,13.3,0.016,13.35],"rotation":0,"texture":"#0","tintindex":0},"down":{"uv":[0.0,13.3,0.016,13.35],"rotation":0,"texture":"#0","tintindex":0}}},{"from":[-16.0,7.999998,0.5714283],"to":[-6.857147,17.142857,15.428572],"rotation":{"angle":0.0,"axis":"y","origin":[61.714287,7.999998,8.0]},"faces":{"east":{"uv":[0.0,13.3,0.016,13.35],"rotation":0,"texture":"#0","tintindex":0},"up":{"uv":[0.0,13.3,0.016,13.35],"rotation":0,"texture":"#0","tintindex":0}}},{"from":[2.2857132,33.142857,15.428572],"to":[-16.0,7.999998,0.5714283],"rotation":{"angle":0.0,"axis":"y","origin":[61.714287,7.999998,8.0]},"faces":{"east":{"uv":[0.096,13.85,0.080000006,13.3],"rotation":0,"texture":"#0","tintindex":0},"south":{"uv":[0.064,13.85,0.096,13.3],"rotation":0,"texture":"#0","tintindex":0},"north":{"uv":[0.096,13.85,0.064,13.3],"rotation":0,"texture":"#0","tintindex":0},"west":{"uv":[0.0,13.3,0.016,13.35],"rotation":0,"texture":"#0","tintindex":0},"up":{"uv":[0.016,13.35,0.048,13.400001],"rotation":0,"texture":"#0","tintindex":0},"down":{"uv":[0.0,13.3,0.016,13.35],"rotation":0,"texture":"#0","tintindex":0}}}],"textures":{"0":"modelengine:entity/5eepiecraft"},"display":{"head":{"translation":[-214.85715,-6.3999925,0.0],"scale":[4.0,4.0,4.0]}}}