{"elements":[{"from":[22.857143,9.142856,1.7142854],"to":[29.714287,32.0,14.285715],"rotation":{"angle":0.0,"axis":"y","origin":[8.0,7.999998,8.0]},"faces":{"south":{"uv":[4.512,1.1,4.32,3.1000001],"rotation":0,"texture":"#0","tintindex":0},"north":{"uv":[4.32,1.1,4.512,3.1000001],"rotation":0,"texture":"#0","tintindex":0},"up":{"uv":[4.512,1.1,4.32,0.0],"rotation":0,"texture":"#0","tintindex":0},"down":{"uv":[4.512,4.2000003,4.32,3.1000001],"rotation":0,"texture":"#0","tintindex":0}}},{"from":[30.857143,33.142857,15.428572],"to":[21.714287,7.999998,0.5714283],"rotation":{"angle":0.0,"axis":"y","origin":[8.0,7.999998,8.0]},"faces":{"east":{"uv":[0.0,13.3,0.016,13.35],"rotation":0,"texture":"#0","tintindex":0},"south":{"uv":[0.0,13.3,0.016,13.35],"rotation":0,"texture":"#0","tintindex":0},"north":{"uv":[0.0,13.3,0.016,13.35],"rotation":0,"texture":"#0","tintindex":0},"west":{"uv":[0.0,13.3,0.016,13.35],"rotation":0,"texture":"#0","tintindex":0},"up":{"uv":[0.0,13.3,0.016,13.35],"rotation":0,"texture":"#0","tintindex":0},"down":{"uv":[0.0,13.3,0.016,13.35],"rotation":0,"texture":"#0","tintindex":0}}}],"textures":{"0":"modelengine:entity/5eepiecraft"},"display":{"head":{"translation":[0.0,-6.3999925,0.0],"scale":[4.0,4.0,4.0]}}}