{"elements":[{"from":[16.000002,9.142856,1.7142854],"to":[32.0,32.0,14.285715],"rotation":{"angle":0.0,"axis":"y","origin":[-8.0,7.999998,8.0]},"faces":{"south":{"uv":[8.224,1.1,7.7760005,3.1000001],"rotation":0,"texture":"#0","tintindex":0},"north":{"uv":[7.7760005,1.1,8.224,3.1000001],"rotation":0,"texture":"#0","tintindex":0},"up":{"uv":[8.224,1.1,7.7760005,0.0],"rotation":0,"texture":"#0","tintindex":0},"down":{"uv":[8.224,4.2000003,7.7760005,3.1000001],"rotation":0,"texture":"#0","tintindex":0}}},{"from":[14.857143,7.999998,0.5714283],"to":[24.0,17.142857,15.428572],"rotation":{"angle":0.0,"axis":"y","origin":[-8.0,7.999998,8.0]},"faces":{"east":{"uv":[0.0,13.3,0.016,13.35],"rotation":0,"texture":"#0","tintindex":0},"up":{"uv":[0.0,13.3,0.016,13.35],"rotation":0,"texture":"#0","tintindex":0}}},{"from":[33.14286,33.142857,15.428572],"to":[14.857143,7.999998,0.5714283],"rotation":{"angle":0.0,"axis":"y","origin":[-8.0,7.999998,8.0]},"faces":{"east":{"uv":[0.28800002,14.400001,0.30400002,13.85],"rotation":0,"texture":"#0","tintindex":0},"south":{"uv":[0.32000002,14.400001,0.28800002,13.85],"rotation":0,"texture":"#0","tintindex":0},"north":{"uv":[0.28800002,14.400001,0.32000002,13.85],"rotation":0,"texture":"#0","tintindex":0},"west":{"uv":[0.0,13.3,0.016,13.35],"rotation":0,"texture":"#0","tintindex":0},"up":{"uv":[0.016,13.35,0.048,13.400001],"rotation":0,"texture":"#0","tintindex":0},"down":{"uv":[0.0,13.3,0.016,13.35],"rotation":0,"texture":"#0","tintindex":0}}}],"textures":{"0":"modelengine:entity/5eepiecraft"},"display":{"head":{"translation":[64.0,-6.3999925,0.0],"scale":[4.0,4.0,4.0]}}}