{"elements":[{"from":[-16.0,9.142856,1.7142854],"to":[-1.9073486E-6,32.0,14.285715],"rotation":{"angle":0.0,"axis":"y","origin":[24.0,7.999998,8.0]},"faces":{"south":{"uv":[9.248,1.1,8.8,3.1000001],"rotation":0,"texture":"#0","tintindex":0},"north":{"uv":[8.8,1.1,9.248,3.1000001],"rotation":0,"texture":"#0","tintindex":0},"up":{"uv":[9.248,1.1,8.8,0.0],"rotation":0,"texture":"#0","tintindex":0},"down":{"uv":[9.248,4.2000003,8.8,3.1000001],"rotation":0,"texture":"#0","tintindex":0}}},{"from":[1.1428566,33.142857,15.428572],"to":[-17.14286,7.999998,0.5714283],"rotation":{"angle":0.0,"axis":"y","origin":[24.0,7.999998,8.0]},"faces":{"east":{"uv":[0.0,13.3,0.016,13.35],"rotation":0,"texture":"#0","tintindex":0},"south":{"uv":[0.0,13.3,0.016,13.35],"rotation":0,"texture":"#0","tintindex":0},"north":{"uv":[0.0,13.3,0.016,13.35],"rotation":0,"texture":"#0","tintindex":0},"west":{"uv":[0.0,13.3,0.016,13.35],"rotation":0,"texture":"#0","tintindex":0},"up":{"uv":[0.0,13.3,0.016,13.35],"rotation":0,"texture":"#0","tintindex":0},"down":{"uv":[0.0,13.3,0.016,13.35],"rotation":0,"texture":"#0","tintindex":0}}}],"textures":{"0":"modelengine:entity/5eepiecraft"},"display":{"head":{"translation":[-64.0,-6.3999925,0.0],"scale":[4.0,4.0,4.0]}}}