{"elements":[{"from":[-14.85714,9.142856,1.7142854],"to":[1.1428604,32.0,14.285715],"rotation":{"angle":0.0,"axis":"y","origin":[80.00001,7.999998,8.0]},"faces":{"south":{"uv":[10.208,1.1,9.76,3.1000001],"rotation":0,"texture":"#0","tintindex":0},"north":{"uv":[9.76,1.1,10.208,3.1000001],"rotation":0,"texture":"#0","tintindex":0},"up":{"uv":[10.208,1.1,9.76,0.0],"rotation":0,"texture":"#0","tintindex":0},"down":{"uv":[10.208,4.2000003,9.76,3.1000001],"rotation":0,"texture":"#0","tintindex":0}}},{"from":[-2.2857132,7.999998,0.5714283],"to":[2.2857208,26.285713,15.428572],"rotation":{"angle":0.0,"axis":"y","origin":[80.00001,7.999998,8.0]},"faces":{"west":{"uv":[0.0,13.3,0.016,13.35],"rotation":0,"texture":"#0","tintindex":0},"up":{"uv":[0.0,13.3,0.016,13.35],"rotation":0,"texture":"#0","tintindex":0}}},{"from":[-16.0,7.999998,0.5714283],"to":[-11.428566,26.285713,15.428572],"rotation":{"angle":0.0,"axis":"y","origin":[80.00001,7.999998,8.0]},"faces":{"east":{"uv":[0.0,13.3,0.016,13.35],"rotation":0,"texture":"#0","tintindex":0},"up":{"uv":[0.0,13.3,0.016,13.35],"rotation":0,"texture":"#0","tintindex":0}}},{"from":[2.2857208,33.142857,15.428572],"to":[-16.0,7.999998,0.5714283],"rotation":{"angle":0.0,"axis":"y","origin":[80.00001,7.999998,8.0]},"faces":{"east":{"uv":[0.032,14.400001,0.048,13.85],"rotation":0,"texture":"#0","tintindex":0},"south":{"uv":[0.032,14.400001,0.096,13.85],"rotation":0,"texture":"#0","tintindex":0},"north":{"uv":[0.032,14.400001,0.096,13.85],"rotation":0,"texture":"#0","tintindex":0},"west":{"uv":[0.032,14.400001,0.048,13.85],"rotation":0,"texture":"#0","tintindex":0},"up":{"uv":[0.032,14.400001,0.096,14.35],"rotation":0,"texture":"#0","tintindex":0},"down":{"uv":[0.0,13.3,0.016,13.35],"rotation":0,"texture":"#0","tintindex":0}}}],"textures":{"0":"modelengine:entity/5eepiecraft"},"display":{"head":{"translation":[-288.00003,-6.3999925,0.0],"scale":[4.0,4.0,4.0]}}}