{"parent":"minecraft:item/generated","textures":{"layer0":"minecraft:item/leather_horse_armor"},"overrides":[{"predicate":{"custom_model_data":1},"model":"modelengine:zeepie/backlegs"},{"predicate":{"custom_model_data":2},"model":"modelengine:zeepie/frontlegs"},{"predicate":{"custom_model_data":3},"model":"modelengine:zeepie/head"},{"predicate":{"custom_model_data":4},"model":"modelengine:title/5"},{"predicate":{"custom_model_data":5},"model":"modelengine:title/e"},{"predicate":{"custom_model_data":6},"model":"modelengine:title/p"},{"predicate":{"custom_model_data":7},"model":"modelengine:title/i"},{"predicate":{"custom_model_data":8},"model":"modelengine:title/c"},{"predicate":{"custom_model_data":9},"model":"modelengine:title/r"},{"predicate":{"custom_model_data":10},"model":"modelengine:title/a"},{"predicate":{"custom_model_data":11},"model":"modelengine:title/f"},{"predicate":{"custom_model_data":12},"model":"modelengine:title/t"}]}