{"elements":[{"from":[8.0,4.0,6.285714],"to":[9.714286,8.0,8.0],"rotation":{"angle":0.0,"axis":"y","origin":[9.142858,4.0,7.428571]},"faces":{"east":{"uv":[0.0,6.25,0.75,8.0],"rotation":0,"texture":"#0","tintindex":0},"south":{"uv":[2.25,6.25,3.0,8.0],"rotation":0,"texture":"#0","tintindex":0},"north":{"uv":[0.75,6.25,1.5,8.0],"rotation":0,"texture":"#0","tintindex":0},"west":{"uv":[1.5,6.25,2.25,8.0],"rotation":0,"texture":"#0","tintindex":0},"up":{"uv":[1.5,6.25,0.75,5.5],"rotation":0,"texture":"#0","tintindex":0},"down":{"uv":[2.25,5.5,1.5,6.25],"rotation":0,"texture":"#0","tintindex":0}}},{"from":[6.285714,4.0,6.285714],"to":[8.0,8.0,8.0],"rotation":{"angle":0.0,"axis":"y","origin":[6.857143,4.0,7.428571]},"faces":{"east":{"uv":[5.25,5.5,6.0,7.25],"rotation":0,"texture":"#0","tintindex":0},"south":{"uv":[7.5,5.5,8.25,7.25],"rotation":0,"texture":"#0","tintindex":0},"north":{"uv":[6.0,5.5,6.75,7.25],"rotation":0,"texture":"#0","tintindex":0},"west":{"uv":[6.75,5.5,7.5,7.25],"rotation":0,"texture":"#0","tintindex":0},"up":{"uv":[6.75,5.5,6.0,4.75],"rotation":0,"texture":"#0","tintindex":0},"down":{"uv":[7.5,4.75,6.75,5.5],"rotation":0,"texture":"#0","tintindex":0}}}],"textures":{"0":"modelengine:entity/texture"},"display":{"head":{"translation":[0.0,-6.4,0.0],"scale":[4.0,4.0,4.0]}}}