{"elements":[{"from":[8.0,5.714286,7.428571],"to":[9.142858,8.0,8.571428],"rotation":{"angle":0.0,"axis":"y","origin":[8.0,5.714286,8.571428]},"faces":{"east":{"uv":[4.0,5.0,5.0,7.0],"rotation":0,"texture":"#0","tintindex":0},"south":{"uv":[7.0,5.0,8.0,7.0],"rotation":0,"texture":"#0","tintindex":0},"north":{"uv":[5.0,5.0,6.0,7.0],"rotation":0,"texture":"#0","tintindex":0},"west":{"uv":[6.0,5.0,7.0,7.0],"rotation":0,"texture":"#0","tintindex":0},"up":{"uv":[6.0,5.0,5.0,4.0],"rotation":0,"texture":"#0","tintindex":0},"down":{"uv":[7.0,4.0,6.0,5.0],"rotation":0,"texture":"#0","tintindex":0}}}],"textures":{"0":"modelengine:entity/texture"},"display":{"head":{"translation":[0.0,-6.4,0.0],"scale":[4.0,4.0,4.0]}}}