{"elements":[{"from":[5.142857,8.0,5.142857],"to":[10.857143,8.0,10.857143],"rotation":{"angle":0.0,"axis":"y","origin":[8.0,8.0,8.0]},"faces":{"east":{"uv":[15.9375,0.0,15.9375,0.1875],"rotation":0,"texture":"#0","tintindex":0},"south":{"uv":[15.875,0.0,15.9375,0.0],"rotation":0,"texture":"#0","tintindex":0},"north":{"uv":[15.875,0.0,15.9375,0.0625],"rotation":0,"texture":"#0","tintindex":0},"west":{"uv":[15.875,0.0,16.0,0.0],"rotation":0,"texture":"#0","tintindex":0},"up":{"uv":[15.9375,0.0,15.875,0.0],"rotation":0,"texture":"#0","tintindex":0},"down":{"uv":[16.0,0.0,15.9375,0.0],"rotation":0,"texture":"#0","tintindex":0}}}],"textures":{"0":"modelengine:entity/texture"},"display":{"head":{"translation":[0.0,-6.4,0.0],"scale":[4.0,4.0,4.0]}}}